building,mean,min,max,sum
Building_A,64.92156241651483,10.062501680818963,119.82366587875109,46743.524939890674
Building_B,66.95078345518212,10.100777839275024,119.80776765570296,48204.56408773112
Building_C,64.82433446906073,10.225009608770254,119.80500328628938,46673.52081772372
